Recording Number,Recording Date,Document Code,Docket/Book,Page/Map
20260000304,1-02-2026,DEED,,
20260000312,1-02-2026,DEED,,
20260000332,1-02-2026,DEED,,
20260000576,1-02-2026,DEED,,
20260000830,1-02-2026,DEED,,
20260001899,1-02-2026,DEED,,
20260002121,1-02-2026,DEED,,
20260002122,1-02-2026,DEED,,
20260003776,1-05-2026,DEED,,
20260004093,1-05-2026,DEED,,
20260004907,1-05-2026,DEED,,
20260005275,1-05-2026,DEED,,
20260005281,1-05-2026,DEED,,
20260006240,1-06-2026,DEED,,
20260006249,1-06-2026,DEED,,
20260007361,1-06-2026,DEED,,
20260007751,1-06-2026,DEED,,
20260007753,1-06-2026,DEED,,
20260007784,1-06-2026,DEED,,
20260008079,1-06-2026,DEED,,
20260008740,1-07-2026,DEED,,
20260009001,1-07-2026,DEED,,
20260010634,1-07-2026,DEED,,
20260010637,1-07-2026,DEED,,
20260010817,1-07-2026,DEED,,
20260011009,1-07-2026,DEED,,
20260011010,1-07-2026,DEED,,
20260011474,1-08-2026,DEED,,
20260011628,1-08-2026,DEED,,
20260011704,1-08-2026,DEED,,
20260012525,1-08-2026,DEED,,
20260013234,1-08-2026,DEED,,
20260013876,1-09-2026,DEED,,
20260014545,1-09-2026,DEED,,
20260015598,1-09-2026,DEED,,
20260015599,1-09-2026,DEED,,
20260016562,1-12-2026,DEED,,
20260016628,1-12-2026,DEED,,
20260017330,1-12-2026,DEED,,
20260017953,1-12-2026,DEED,,
20260018333,1-12-2026,DEED,,
20260018334,1-12-2026,DEED,,
20260018719,1-12-2026,DEED,,
20260019025,1-12-2026,DEED,,
20260019343,1-12-2026,DEED,,
20260019953,1-13-2026,DEED,,
20260020796,1-13-2026,DEED,,
20260021103,1-13-2026,DEED,,
20260021229,1-13-2026,DEED,,
20260021300,1-13-2026,DEED,,
20260021672,1-13-2026,DEED,,
20260022261,1-13-2026,DEED,,
20260023371,1-14-2026,DEED,,
20260024116,1-14-2026,DEED,,
20260024492,1-14-2026,DEED,,
20260025056,1-14-2026,DEED,,
20260025187,1-14-2026,DEED,,
20260025188,1-14-2026,DEED,,
20260026610,1-15-2026,DEED,,
20260026976,1-15-2026,DEED,,
,,,,
,,,,
,,,,
,,,,
20260038549,1-22-2026,DEED,,
20260038870,1-22-2026,DEED,,
20260039834,1-22-2026,DEED,,
20260039972,1-22-2026,DEED,,
20260042884,1-23-2026,DEED,,
20260043921,1-26-2026,DEED,,
20260044397,1-26-2026,DEED,,
20260045010,1-26-2026,DEED,,
20260045049,1-26-2026,DEED,,
20260046216,1-26-2026,DEED,,
20260046248,1-26-2026,DEED,,
20260046249,1-26-2026,DEED,,
20260046273,1-26-2026,DEED,,
20260047455,1-27-2026,DEED,,
20260047849,1-27-2026,DEED,,
20260048105,1-27-2026,DEED,,
20260048343,1-27-2026,DEED,,
20260048344,1-27-2026,DEED,,
20260048363,1-27-2026,DEED,,
20260048364,1-27-2026,DEED,,
20260048873,1-27-2026,DEED,,
20260049455,1-27-2026,DEED,,
20260051363,1-28-2026,DEED,,
20260051365,1-28-2026,DEED,,
20260051849,1-28-2026,DEED,,
20260052443,1-29-2026,DEED,,
20260053785,1-29-2026,DEED,,
20260054210,1-29-2026,DEED+,,
20260054451,1-29-2026,DEED,,
20260056871,1-30-2026,DEED,,
20260056872,1-30-2026,DEED,,
20260057288,1-30-2026,DEED,,
20260058491,1-30-2026,DEED,,
20260058496,1-30-2026,DEED,,
20260059791,2-02-2026,DEED,,
20260059817,2-02-2026,DEED,,
20260060167,2-02-2026,DEED,,
20260060501,2-02-2026,DEED,,
20260060953,2-02-2026,DEED,,
20260060954,2-02-2026,DEED,,
20260062317,2-03-2026,DEED,,
20260063690,2-03-2026,DEED,,
20260063955,2-03-2026,DEED,,
20260064058,2-03-2026,DEED,,
20260064189,2-03-2026,DEED,,
20260065083,2-04-2026,DEED,,
20260065422,2-04-2026,DEED,,
20260066611,2-04-2026,DEED,,
20260066736,2-04-2026,DEED,,
20260067180,2-04-2026,DEED,,
20260068538,2-05-2026,DEED,,
20260068539,2-05-2026,DEED,,
20260069285,2-05-2026,DEED,,
20260069354,2-05-2026,DEED,,
20260070933,2-06-2026,DEED,,
20260071030,2-06-2026,DEED,,
20260071036,2-06-2026,DEED,,
20260071439,2-06-2026,DEED,,
20260071570,2-06-2026,DEED,,
20260072201,2-06-2026,DEED,,
20260072486,2-06-2026,DEED,,
20260072667,2-06-2026,DEED,,
20260074205,2-09-2026,DEED,,
20260075392,2-09-2026,DEED,,
20260075660,2-09-2026,DEED,,
20260078187,2-10-2026,DEED,,
20260078314,2-10-2026,DEED,,
20260078320,2-10-2026,DEED,,
20260078627,2-10-2026,DEED,,
20260079021,2-11-2026,DEED,,
20260079023,2-11-2026,DEED,,
20260079682,2-11-2026,DEED,,
20260079916,2-11-2026,DEED,,
20260080601,2-11-2026,DEED,,
20260080603,2-11-2026,DEED,,
20260080604,2-11-2026,DEED,,
20260081141,2-11-2026,DEED,,
20260082447,2-12-2026,DEED,,
20260082547,2-12-2026,DEED,,
20260082918,2-12-2026,DEED,,
20260083180,2-12-2026,DEED,,
20260083825,2-12-2026,DEED,,
20260086558,2-13-2026,DEED,,
20260087667,2-17-2026,DEED,,
20260088481,2-17-2026,DEED,,
20260088482,2-17-2026,DEED,,
20260088851,2-17-2026,DEED,,
20260088859,2-17-2026,DEED,,
20260089014,2-17-2026,DEED,,
20260089015,2-17-2026,DEED,,
20260089046,2-17-2026,DEED+,,
20260089224,2-17-2026,DEED,,
20260089274,2-17-2026,DEED,,
20260089537,2-17-2026,DEED,,
20260089702,2-17-2026,DEED,,
20260090702,2-17-2026,DEED,,
20260090848,2-17-2026,DEED,,
20260091069,2-17-2026,DEED,,
20260092593,2-18-2026,DEED,,
20260093235,2-18-2026,DEED,,
20260093355,2-18-2026,DEED,,
20260093733,2-18-2026,DEED,,
20260094044,2-18-2026,DEED,,
20260095690,2-19-2026,DEED,,
20260096227,2-19-2026,DEED,,
20260096270,2-19-2026,DEED+,,
20260096909,2-19-2026,DEED,,
20260097079,2-19-2026,DEED,,
20260097131,2-19-2026,DEED,,
20260097326,2-19-2026,DEED,,
20260098908,2-20-2026,DEED,,
20260099905,2-20-2026,DEED,,
20260100185,2-20-2026,DEED,,
20260100960,2-23-2026,DEED,,
20260101947,2-23-2026,DEED,,
20260102485,2-23-2026,DEED,,
20260102488,2-23-2026,DEED,,
20260102951,2-23-2026,DEED,,
20260104580,2-24-2026,DEED,,
20260104747,2-24-2026,DEED,,
20260104943,2-24-2026,DEED,,
20260105344,2-24-2026,DEED,,
20260105625,2-24-2026,DEED,,
20260105935,2-24-2026,DEED,,
20260106524,2-24-2026,DEED,,
20260107131,2-25-2026,DEED,,
20260107189,2-25-2026,DEED,,
20260107606,2-25-2026,DEED+,,
20260107909,2-25-2026,DEED,,
20260108263,2-25-2026,DEED,,
20260108267,2-25-2026,DEED,,
20260108513,2-25-2026,DEED,,
20260108522,2-25-2026,DEED,,
20260108578,2-25-2026,DEED,,
20260108760,2-25-2026,DEED,,
20260109409,2-25-2026,DEED,,
20260109410,2-25-2026,DEED,,
20260109411,2-25-2026,DEED,,
20260110067,2-26-2026,DEED,,
20260110546,2-26-2026,DEED,,
20260110665,2-26-2026,DEED,,
20260110731,2-26-2026,DEED,,
20260110735,2-26-2026,DEED,,
20260110843,2-26-2026,DEED,,
20260111313,2-26-2026,DEED,,
20260111314,2-26-2026,DEED,,
20260111992,2-26-2026,DEED,,
20260112741,2-26-2026,DEED,,
20260112747,2-26-2026,DEED,,
20260113461,2-27-2026,DEED,,
20260115877,2-27-2026,DEED,,
20260116715,2-27-2026,DEED,,
20260116763,2-27-2026,DEED,,
20260116778,2-27-2026,DEED,,
20260116861,2-27-2026,DEED,,
20260118880,3-02-2026,DEED,,
20260119221,3-02-2026,DEED,,
20260119390,3-02-2026,DEED,,
20260120054,3-02-2026,DEED,,
20260121553,3-03-2026,DEED,,
20260121554,3-03-2026,DEED,,
20260121555,3-03-2026,DEED,,
20260121855,3-03-2026,DEED,,
20260122773,3-03-2026,DEED,,
20260122888,3-03-2026,DEED+,,
20260123114,3-03-2026,DEED,,
20260124411,3-04-2026,DEED,,
20260125033,3-04-2026,DEED,,
20260125117,3-04-2026,DEED,,
20260125331,3-04-2026,DEED,,
20260126129,3-04-2026,DEED,,
20260127155,3-05-2026,DEED,,
20260127468,3-05-2026,DEED,,
20260127820,3-05-2026,DEED,,
20260128262,3-05-2026,DEED,,
20260129072,3-05-2026,DEED,,
20260129147,3-05-2026,DEED,,
20260129249,3-05-2026,DEED,,
20260129267,3-05-2026,DEED,,
20260129700,3-05-2026,DEED,,
20260130007,3-06-2026,DEED,,
20260131806,3-06-2026,DEED,,
20260131874,3-06-2026,DEED,,
20260132013,3-06-2026,DEED,,
20260132290,3-06-2026,DEED,,
20260132967,3-06-2026,DEED,,