Recording Number,Date Filed,Doc Code,Preview URL
20250633703,11-03-2025,DE,https://recorder.maricopa.gov/recording/document-preview.html?recordingNumber=20250633703&suffix=&pages=7
20250633706,11-03-2025,DE,https://recorder.maricopa.gov/recording/document-preview.html?recordingNumber=20250633706&suffix=&pages=7
20250634719,11-03-2025,DE,https://recorder.maricopa.gov/recording/document-preview.html?recordingNumber=20250634719&suffix=&pages=7
20250635405,11-03-2025,DE,https://recorder.maricopa.gov/recording/document-preview.html?recordingNumber=20250635405&suffix=&pages=7
20250635509,11-03-2025,DE,https://recorder.maricopa.gov/recording/document-preview.html?recordingNumber=20250635509&suffix=&pages=7
20250635822,11-03-2025,DE,https://recorder.maricopa.gov/recording/document-preview.html?recordingNumber=20250635822&suffix=&pages=7
20250635867,11-03-2025,DE,https://recorder.maricopa.gov/recording/document-preview.html?recordingNumber=20250635867&suffix=&pages=7
20250636180,11-03-2025,DE,https://recorder.maricopa.gov/recording/document-preview.html?recordingNumber=20250636180&suffix=&pages=7
20250636251,11-03-2025,DE,https://recorder.maricopa.gov/recording/document-preview.html?recordingNumber=20250636251&suffix=&pages=7
20250636464,11-03-2025,DE,https://recorder.maricopa.gov/recording/document-preview.html?recordingNumber=20250636464&suffix=&pages=7
20250636467,11-03-2025,DE,https://recorder.maricopa.gov/recording/document-preview.html?recordingNumber=20250636467&suffix=&pages=7
20250636690,11-03-2025,DE,https://recorder.maricopa.gov/recording/document-preview.html?recordingNumber=20250636690&suffix=&pages=7
20250637575,11-04-2025,DE,https://recorder.maricopa.gov/recording/document-preview.html?recordingNumber=20250637575&suffix=&pages=7
20250638065,11-04-2025,DE,https://recorder.maricopa.gov/recording/document-preview.html?recordingNumber=20250638065&suffix=&pages=7
20250638085,11-04-2025,DE,https://recorder.maricopa.gov/recording/document-preview.html?recordingNumber=20250638085&suffix=&pages=7
20250638547,11-04-2025,DE,https://recorder.maricopa.gov/recording/document-preview.html?recordingNumber=20250638547&suffix=&pages=7
20250638563,11-04-2025,DE,https://recorder.maricopa.gov/recording/document-preview.html?recordingNumber=20250638563&suffix=&pages=7
20250638596,11-04-2025,DE,https://recorder.maricopa.gov/recording/document-preview.html?recordingNumber=20250638596&suffix=&pages=7
20250639341,11-04-2025,DE,https://recorder.maricopa.gov/recording/document-preview.html?recordingNumber=20250639341&suffix=&pages=7
20250639544,11-04-2025,DE,https://recorder.maricopa.gov/recording/document-preview.html?recordingNumber=20250639544&suffix=&pages=7
20250639769,11-04-2025,DE,https://recorder.maricopa.gov/recording/document-preview.html?recordingNumber=20250639769&suffix=&pages=7
20250640674,11-05-2025,DE,https://recorder.maricopa.gov/recording/document-preview.html?recordingNumber=20250640674&suffix=&pages=7
20250640931,11-05-2025,DE,https://recorder.maricopa.gov/recording/document-preview.html?recordingNumber=20250640931&suffix=&pages=7
20250641483,11-05-2025,DE,https://recorder.maricopa.gov/recording/document-preview.html?recordingNumber=20250641483&suffix=&pages=7
20250641689,11-05-2025,DE,https://recorder.maricopa.gov/recording/document-preview.html?recordingNumber=20250641689&suffix=&pages=7
20250643687,11-06-2025,DE,https://recorder.maricopa.gov/recording/document-preview.html?recordingNumber=20250643687&suffix=&pages=7
20250643849,11-06-2025,DE,https://recorder.maricopa.gov/recording/document-preview.html?recordingNumber=20250643849&suffix=&pages=7
20250644047,11-06-2025,DE,https://recorder.maricopa.gov/recording/document-preview.html?recordingNumber=20250644047&suffix=&pages=7
20250644283,11-06-2025,DE,https://recorder.maricopa.gov/recording/document-preview.html?recordingNumber=20250644283&suffix=&pages=7
20250644401,11-06-2025,DE,https://recorder.maricopa.gov/recording/document-preview.html?recordingNumber=20250644401&suffix=&pages=7
20250644486,11-06-2025,DE,https://recorder.maricopa.gov/recording/document-preview.html?recordingNumber=20250644486&suffix=&pages=7
20250644823,11-06-2025,DE,https://recorder.maricopa.gov/recording/document-preview.html?recordingNumber=20250644823&suffix=&pages=7
20250644824,11-06-2025,DE,https://recorder.maricopa.gov/recording/document-preview.html?recordingNumber=20250644824&suffix=&pages=7
20250644825,11-06-2025,DE,https://recorder.maricopa.gov/recording/document-preview.html?recordingNumber=20250644825&suffix=&pages=7
20250644826,11-06-2025,DE,https://recorder.maricopa.gov/recording/document-preview.html?recordingNumber=20250644826&suffix=&pages=7
20250644827,11-06-2025,DE,https://recorder.maricopa.gov/recording/document-preview.html?recordingNumber=20250644827&suffix=&pages=7
20250645346,11-07-2025,DE,https://recorder.maricopa.gov/recording/document-preview.html?recordingNumber=20250645346&suffix=&pages=7
20250645954,11-07-2025,DE,https://recorder.maricopa.gov/recording/document-preview.html?recordingNumber=20250645954&suffix=&pages=7
20250646156,11-07-2025,DE,https://recorder.maricopa.gov/recording/document-preview.html?recordingNumber=20250646156&suffix=&pages=7
20250646626,11-07-2025,DE,https://recorder.maricopa.gov/recording/document-preview.html?recordingNumber=20250646626&suffix=&pages=7
20250646637,11-07-2025,DE,https://recorder.maricopa.gov/recording/document-preview.html?recordingNumber=20250646637&suffix=&pages=7
20250646799,11-07-2025,DE,https://recorder.maricopa.gov/recording/document-preview.html?recordingNumber=20250646799&suffix=&pages=7
20250646819,11-07-2025,DE,https://recorder.maricopa.gov/recording/document-preview.html?recordingNumber=20250646819&suffix=&pages=7
20250647372,11-07-2025,DE,https://recorder.maricopa.gov/recording/document-preview.html?recordingNumber=20250647372&suffix=&pages=7
20250647429,11-07-2025,DE,https://recorder.maricopa.gov/recording/document-preview.html?recordingNumber=20250647429&suffix=&pages=7
20250648682,11-10-2025,DE,https://recorder.maricopa.gov/recording/document-preview.html?recordingNumber=20250648682&suffix=&pages=7
20250650870,11-10-2025,DE,https://recorder.maricopa.gov/recording/document-preview.html?recordingNumber=20250650870&suffix=&pages=7
20250651611,11-12-2025,DE,https://recorder.maricopa.gov/recording/document-preview.html?recordingNumber=20250651611&suffix=&pages=7
20250651857,11-12-2025,DE,https://recorder.maricopa.gov/recording/document-preview.html?recordingNumber=20250651857&suffix=&pages=7
20250651906,11-12-2025,DE,https://recorder.maricopa.gov/recording/document-preview.html?recordingNumber=20250651906&suffix=&pages=7
20250652124,11-12-2025,DE,https://recorder.maricopa.gov/recording/document-preview.html?recordingNumber=20250652124&suffix=&pages=7
20250652125,11-12-2025,DE,https://recorder.maricopa.gov/recording/document-preview.html?recordingNumber=20250652125&suffix=&pages=7
20250653418,11-12-2025,DE,https://recorder.maricopa.gov/recording/document-preview.html?recordingNumber=20250653418&suffix=&pages=7
20250654513,11-12-2025,DE,https://recorder.maricopa.gov/recording/document-preview.html?recordingNumber=20250654513&suffix=&pages=7
20250656188,11-13-2025,DE,https://recorder.maricopa.gov/recording/document-preview.html?recordingNumber=20250656188&suffix=&pages=7
20250658008,11-13-2025,DE,https://recorder.maricopa.gov/recording/document-preview.html?recordingNumber=20250658008&suffix=&pages=7
20250659149,11-14-2025,DE,https://recorder.maricopa.gov/recording/document-preview.html?recordingNumber=20250659149&suffix=&pages=7
20250659601,11-14-2025,DE,https://recorder.maricopa.gov/recording/document-preview.html?recordingNumber=20250659601&suffix=&pages=7
20250660086,11-14-2025,DE,https://recorder.maricopa.gov/recording/document-preview.html?recordingNumber=20250660086&suffix=&pages=7
20250660090,11-14-2025,DE,https://recorder.maricopa.gov/recording/document-preview.html?recordingNumber=20250660090&suffix=&pages=7
20250660557,11-14-2025,DE,https://recorder.maricopa.gov/recording/document-preview.html?recordingNumber=20250660557&suffix=&pages=7
20250661292,11-14-2025,DE,https://recorder.maricopa.gov/recording/document-preview.html?recordingNumber=20250661292&suffix=&pages=7
20250661415,11-14-2025,DE,https://recorder.maricopa.gov/recording/document-preview.html?recordingNumber=20250661415&suffix=&pages=7
20250661424,11-14-2025,DE,https://recorder.maricopa.gov/recording/document-preview.html?recordingNumber=20250661424&suffix=&pages=7
20250661432,11-14-2025,DE,https://recorder.maricopa.gov/recording/document-preview.html?recordingNumber=20250661432&suffix=&pages=7
20250662960,11-17-2025,DE,https://recorder.maricopa.gov/recording/document-preview.html?recordingNumber=20250662960&suffix=&pages=7
20250663704,11-17-2025,DE,https://recorder.maricopa.gov/recording/document-preview.html?recordingNumber=20250663704&suffix=&pages=7
20250663716,11-17-2025,DE,https://recorder.maricopa.gov/recording/document-preview.html?recordingNumber=20250663716&suffix=&pages=7
20250663719,11-17-2025,DE,https://recorder.maricopa.gov/recording/document-preview.html?recordingNumber=20250663719&suffix=&pages=7
20250663720,11-17-2025,DE,https://recorder.maricopa.gov/recording/document-preview.html?recordingNumber=20250663720&suffix=&pages=7
20250664654,11-17-2025,DE,https://recorder.maricopa.gov/recording/document-preview.html?recordingNumber=20250664654&suffix=&pages=7
20250664822,11-17-2025,DE,https://recorder.maricopa.gov/recording/document-preview.html?recordingNumber=20250664822&suffix=&pages=7
20250666810,11-18-2025,DE,https://recorder.maricopa.gov/recording/document-preview.html?recordingNumber=20250666810&suffix=&pages=7
20250667063,11-18-2025,DE,https://recorder.maricopa.gov/recording/document-preview.html?recordingNumber=20250667063&suffix=&pages=7
20250667229,11-18-2025,DE,https://recorder.maricopa.gov/recording/document-preview.html?recordingNumber=20250667229&suffix=&pages=7
20250667366,11-18-2025,DE,https://recorder.maricopa.gov/recording/document-preview.html?recordingNumber=20250667366&suffix=&pages=7
20250667487,11-18-2025,DE,https://recorder.maricopa.gov/recording/document-preview.html?recordingNumber=20250667487&suffix=&pages=7
20250667491,11-18-2025,DE,https://recorder.maricopa.gov/recording/document-preview.html?recordingNumber=20250667491&suffix=&pages=7
20250667728,11-18-2025,DE,https://recorder.maricopa.gov/recording/document-preview.html?recordingNumber=20250667728&suffix=&pages=7
20250667882,11-18-2025,DE,https://recorder.maricopa.gov/recording/document-preview.html?recordingNumber=20250667882&suffix=&pages=7
20250668028,11-18-2025,DE,https://recorder.maricopa.gov/recording/document-preview.html?recordingNumber=20250668028&suffix=&pages=7
20250668360,11-18-2025,DE,https://recorder.maricopa.gov/recording/document-preview.html?recordingNumber=20250668360&suffix=&pages=7
20250668395,11-18-2025,DE,https://recorder.maricopa.gov/recording/document-preview.html?recordingNumber=20250668395&suffix=&pages=7
20250668506,11-18-2025,DE,https://recorder.maricopa.gov/recording/document-preview.html?recordingNumber=20250668506&suffix=&pages=7
20250668546,11-18-2025,DE,https://recorder.maricopa.gov/recording/document-preview.html?recordingNumber=20250668546&suffix=&pages=7
20250669055,11-19-2025,DE,https://recorder.maricopa.gov/recording/document-preview.html?recordingNumber=20250669055&suffix=&pages=7
20250669267,11-19-2025,DE,https://recorder.maricopa.gov/recording/document-preview.html?recordingNumber=20250669267&suffix=&pages=7
20250669779,11-19-2025,DE,https://recorder.maricopa.gov/recording/document-preview.html?recordingNumber=20250669779&suffix=&pages=7
20250670103,11-19-2025,DE,https://recorder.maricopa.gov/recording/document-preview.html?recordingNumber=20250670103&suffix=&pages=7
20250670105,11-19-2025,DE,https://recorder.maricopa.gov/recording/document-preview.html?recordingNumber=20250670105&suffix=&pages=7
20250670107,11-19-2025,DE,https://recorder.maricopa.gov/recording/document-preview.html?recordingNumber=20250670107&suffix=&pages=7
20250670109,11-19-2025,DE,https://recorder.maricopa.gov/recording/document-preview.html?recordingNumber=20250670109&suffix=&pages=7
20250670111,11-19-2025,DE,https://recorder.maricopa.gov/recording/document-preview.html?recordingNumber=20250670111&suffix=&pages=7
20250670113,11-19-2025,DE,https://recorder.maricopa.gov/recording/document-preview.html?recordingNumber=20250670113&suffix=&pages=7
20250670115,11-19-2025,DE,https://recorder.maricopa.gov/recording/document-preview.html?recordingNumber=20250670115&suffix=&pages=7
20250670117,11-19-2025,DE,https://recorder.maricopa.gov/recording/document-preview.html?recordingNumber=20250670117&suffix=&pages=7
20250670119,11-19-2025,DE,https://recorder.maricopa.gov/recording/document-preview.html?recordingNumber=20250670119&suffix=&pages=7
20250670129,11-19-2025,DE,https://recorder.maricopa.gov/recording/document-preview.html?recordingNumber=20250670129&suffix=&pages=7
20250670131,11-19-2025,DE,https://recorder.maricopa.gov/recording/document-preview.html?recordingNumber=20250670131&suffix=&pages=7
20250670133,11-19-2025,DE,https://recorder.maricopa.gov/recording/document-preview.html?recordingNumber=20250670133&suffix=&pages=7
20250670135,11-19-2025,DE,https://recorder.maricopa.gov/recording/document-preview.html?recordingNumber=20250670135&suffix=&pages=7
20250670137,11-19-2025,DE,https://recorder.maricopa.gov/recording/document-preview.html?recordingNumber=20250670137&suffix=&pages=7
20250670139,11-19-2025,DE,https://recorder.maricopa.gov/recording/document-preview.html?recordingNumber=20250670139&suffix=&pages=7
20250673769,11-20-2025,DE,https://recorder.maricopa.gov/recording/document-preview.html?recordingNumber=20250673769&suffix=&pages=7
20250673932,11-20-2025,DE,https://recorder.maricopa.gov/recording/document-preview.html?recordingNumber=20250673932&suffix=&pages=7
20250673933,11-20-2025,DE,https://recorder.maricopa.gov/recording/document-preview.html?recordingNumber=20250673933&suffix=&pages=7
20250674102,11-20-2025,DE,https://recorder.maricopa.gov/recording/document-preview.html?recordingNumber=20250674102&suffix=&pages=7
20250675403,11-21-2025,DE,https://recorder.maricopa.gov/recording/document-preview.html?recordingNumber=20250675403&suffix=&pages=7
20250675406,11-21-2025,DE,https://recorder.maricopa.gov/recording/document-preview.html?recordingNumber=20250675406&suffix=&pages=7
20250676773,11-21-2025,DE,https://recorder.maricopa.gov/recording/document-preview.html?recordingNumber=20250676773&suffix=&pages=7
20250676774,11-21-2025,DE,https://recorder.maricopa.gov/recording/document-preview.html?recordingNumber=20250676774&suffix=&pages=7
20250676901,11-21-2025,DE,https://recorder.maricopa.gov/recording/document-preview.html?recordingNumber=20250676901&suffix=&pages=7
20250676902,11-21-2025,DE,https://recorder.maricopa.gov/recording/document-preview.html?recordingNumber=20250676902&suffix=&pages=7
20250676903,11-21-2025,DE,https://recorder.maricopa.gov/recording/document-preview.html?recordingNumber=20250676903&suffix=&pages=7
20250676904,11-21-2025,DE,https://recorder.maricopa.gov/recording/document-preview.html?recordingNumber=20250676904&suffix=&pages=7
20250676989,11-21-2025,DE,https://recorder.maricopa.gov/recording/document-preview.html?recordingNumber=20250676989&suffix=&pages=7
20250677038,11-21-2025,DE,https://recorder.maricopa.gov/recording/document-preview.html?recordingNumber=20250677038&suffix=&pages=7
20250677151,11-21-2025,DE,https://recorder.maricopa.gov/recording/document-preview.html?recordingNumber=20250677151&suffix=&pages=7
20250677181,11-21-2025,DE,https://recorder.maricopa.gov/recording/document-preview.html?recordingNumber=20250677181&suffix=&pages=7
20250677208,11-21-2025,DE,https://recorder.maricopa.gov/recording/document-preview.html?recordingNumber=20250677208&suffix=&pages=7
20250677537,11-21-2025,DE,https://recorder.maricopa.gov/recording/document-preview.html?recordingNumber=20250677537&suffix=&pages=7
20250680602,11-24-2025,DE,https://recorder.maricopa.gov/recording/document-preview.html?recordingNumber=20250680602&suffix=&pages=7
20250682263,11-25-2025,DE,https://recorder.maricopa.gov/recording/document-preview.html?recordingNumber=20250682263&suffix=&pages=7
20250682264,11-25-2025,DE,https://recorder.maricopa.gov/recording/document-preview.html?recordingNumber=20250682264&suffix=&pages=7
20250682493,11-25-2025,DE,https://recorder.maricopa.gov/recording/document-preview.html?recordingNumber=20250682493&suffix=&pages=7
20250682625,11-25-2025,DE,https://recorder.maricopa.gov/recording/document-preview.html?recordingNumber=20250682625&suffix=&pages=7
20250683241,11-25-2025,DE,https://recorder.maricopa.gov/recording/document-preview.html?recordingNumber=20250683241&suffix=&pages=7
20250684298,11-25-2025,DE,https://recorder.maricopa.gov/recording/document-preview.html?recordingNumber=20250684298&suffix=&pages=7
20250684437,11-25-2025,DE,https://recorder.maricopa.gov/recording/document-preview.html?recordingNumber=20250684437&suffix=&pages=7
20250684517,11-25-2025,DE,https://recorder.maricopa.gov/recording/document-preview.html?recordingNumber=20250684517&suffix=&pages=7
20250684953,11-26-2025,DE,https://recorder.maricopa.gov/recording/document-preview.html?recordingNumber=20250684953&suffix=&pages=7
20250685349,11-26-2025,DE,https://recorder.maricopa.gov/recording/document-preview.html?recordingNumber=20250685349&suffix=&pages=7
20250685755,11-26-2025,DE,https://recorder.maricopa.gov/recording/document-preview.html?recordingNumber=20250685755&suffix=&pages=7
20250685832,11-26-2025,DE,https://recorder.maricopa.gov/recording/document-preview.html?recordingNumber=20250685832&suffix=&pages=7
20250686578,11-26-2025,DE,https://recorder.maricopa.gov/recording/document-preview.html?recordingNumber=20250686578&suffix=&pages=7
20250687326,11-26-2025,DE,https://recorder.maricopa.gov/recording/document-preview.html?recordingNumber=20250687326&suffix=&pages=7
20250688453,12-01-2025,DE,https://recorder.maricopa.gov/recording/document-preview.html?recordingNumber=20250688453&suffix=&pages=7
20250689265,12-01-2025,DE,https://recorder.maricopa.gov/recording/document-preview.html?recordingNumber=20250689265&suffix=&pages=7
20250689438,12-01-2025,DE,https://recorder.maricopa.gov/recording/document-preview.html?recordingNumber=20250689438&suffix=&pages=7
20250689445,12-01-2025,DE,https://recorder.maricopa.gov/recording/document-preview.html?recordingNumber=20250689445&suffix=&pages=7
20250689699,12-01-2025,DE,https://recorder.maricopa.gov/recording/document-preview.html?recordingNumber=20250689699&suffix=&pages=7
20250690639,12-01-2025,DE,https://recorder.maricopa.gov/recording/document-preview.html?recordingNumber=20250690639&suffix=&pages=7
20250692986,12-02-2025,DE,https://recorder.maricopa.gov/recording/document-preview.html?recordingNumber=20250692986&suffix=&pages=7
20250693540,12-02-2025,DE,https://recorder.maricopa.gov/recording/document-preview.html?recordingNumber=20250693540&suffix=&pages=7
20250693674,12-02-2025,DE,https://recorder.maricopa.gov/recording/document-preview.html?recordingNumber=20250693674&suffix=&pages=7
20250693893,12-02-2025,DE,https://recorder.maricopa.gov/recording/document-preview.html?recordingNumber=20250693893&suffix=&pages=7
20250694015,12-02-2025,DE,https://recorder.maricopa.gov/recording/document-preview.html?recordingNumber=20250694015&suffix=&pages=7
20250695963,12-03-2025,DE,https://recorder.maricopa.gov/recording/document-preview.html?recordingNumber=20250695963&suffix=&pages=7
20250695964,12-03-2025,DE,https://recorder.maricopa.gov/recording/document-preview.html?recordingNumber=20250695964&suffix=&pages=7
20250695974,12-03-2025,DE,https://recorder.maricopa.gov/recording/document-preview.html?recordingNumber=20250695974&suffix=&pages=7
20250695975,12-03-2025,DE,https://recorder.maricopa.gov/recording/document-preview.html?recordingNumber=20250695975&suffix=&pages=7
20250695976,12-03-2025,DE,https://recorder.maricopa.gov/recording/document-preview.html?recordingNumber=20250695976&suffix=&pages=7
20250696022,12-03-2025,DE,https://recorder.maricopa.gov/recording/document-preview.html?recordingNumber=20250696022&suffix=&pages=7
20250696685,12-03-2025,DE,https://recorder.maricopa.gov/recording/document-preview.html?recordingNumber=20250696685&suffix=&pages=7
20250696695,12-03-2025,DE,https://recorder.maricopa.gov/recording/document-preview.html?recordingNumber=20250696695&suffix=&pages=7
20250697139,12-03-2025,DE,https://recorder.maricopa.gov/recording/document-preview.html?recordingNumber=20250697139&suffix=&pages=7
20250697224,12-03-2025,DE,https://recorder.maricopa.gov/recording/document-preview.html?recordingNumber=20250697224&suffix=&pages=7
20250697389,12-03-2025,DE,https://recorder.maricopa.gov/recording/document-preview.html?recordingNumber=20250697389&suffix=&pages=7
20250697976,12-03-2025,DE,https://recorder.maricopa.gov/recording/document-preview.html?recordingNumber=20250697976&suffix=&pages=7
20250698976,12-04-2025,DE,https://recorder.maricopa.gov/recording/document-preview.html?recordingNumber=20250698976&suffix=&pages=7
20250699963,12-04-2025,DE,https://recorder.maricopa.gov/recording/document-preview.html?recordingNumber=20250699963&suffix=&pages=7
20250700121,12-04-2025,DE,https://recorder.maricopa.gov/recording/document-preview.html?recordingNumber=20250700121&suffix=&pages=7
20250700266,12-04-2025,DE,https://recorder.maricopa.gov/recording/document-preview.html?recordingNumber=20250700266&suffix=&pages=7
20250700290,12-04-2025,DE,https://recorder.maricopa.gov/recording/document-preview.html?recordingNumber=20250700290&suffix=&pages=7
20250700421,12-04-2025,DE,https://recorder.maricopa.gov/recording/document-preview.html?recordingNumber=20250700421&suffix=&pages=7
20250700904,12-04-2025,DE,https://recorder.maricopa.gov/recording/document-preview.html?recordingNumber=20250700904&suffix=&pages=7
20250700915,12-04-2025,DE,https://recorder.maricopa.gov/recording/document-preview.html?recordingNumber=20250700915&suffix=&pages=7
20250702079,12-05-2025,DE,https://recorder.maricopa.gov/recording/document-preview.html?recordingNumber=20250702079&suffix=&pages=7
20250703550,12-05-2025,DE,https://recorder.maricopa.gov/recording/document-preview.html?recordingNumber=20250703550&suffix=&pages=7
20250703671,12-05-2025,DE,https://recorder.maricopa.gov/recording/document-preview.html?recordingNumber=20250703671&suffix=&pages=7
20250704199,12-05-2025,DE,https://recorder.maricopa.gov/recording/document-preview.html?recordingNumber=20250704199&suffix=&pages=7
20250704200,12-05-2025,DE,https://recorder.maricopa.gov/recording/document-preview.html?recordingNumber=20250704200&suffix=&pages=7
20250704201,12-05-2025,DE,https://recorder.maricopa.gov/recording/document-preview.html?recordingNumber=20250704201&suffix=&pages=7
20250704202,12-05-2025,DE,https://recorder.maricopa.gov/recording/document-preview.html?recordingNumber=20250704202&suffix=&pages=7
20250704203,12-05-2025,DE,https://recorder.maricopa.gov/recording/document-preview.html?recordingNumber=20250704203&suffix=&pages=7
20250706754,12-08-2025,DE,https://recorder.maricopa.gov/recording/document-preview.html?recordingNumber=20250706754&suffix=&pages=7
20250706811,12-08-2025,DE,https://recorder.maricopa.gov/recording/document-preview.html?recordingNumber=20250706811&suffix=&pages=7
20250707151,12-08-2025,DE,https://recorder.maricopa.gov/recording/document-preview.html?recordingNumber=20250707151&suffix=&pages=7
20250707594,12-08-2025,DE,https://recorder.maricopa.gov/recording/document-preview.html?recordingNumber=20250707594&suffix=&pages=7
20250707680,12-08-2025,DE,https://recorder.maricopa.gov/recording/document-preview.html?recordingNumber=20250707680&suffix=&pages=7
20250707681,12-08-2025,DE,https://recorder.maricopa.gov/recording/document-preview.html?recordingNumber=20250707681&suffix=&pages=7
20250707952,12-09-2025,DE,https://recorder.maricopa.gov/recording/document-preview.html?recordingNumber=20250707952&suffix=&pages=7
20250708421,12-09-2025,DE,https://recorder.maricopa.gov/recording/document-preview.html?recordingNumber=20250708421&suffix=&pages=7
20250709359,12-09-2025,DE,https://recorder.maricopa.gov/recording/document-preview.html?recordingNumber=20250709359&suffix=&pages=7
20250709651,12-09-2025,DE,https://recorder.maricopa.gov/recording/document-preview.html?recordingNumber=20250709651&suffix=&pages=7
20250710105,12-09-2025,DE,https://recorder.maricopa.gov/recording/document-preview.html?recordingNumber=20250710105&suffix=&pages=7
20250710202,12-09-2025,DE,https://recorder.maricopa.gov/recording/document-preview.html?recordingNumber=20250710202&suffix=&pages=7
20250710761,12-10-2025,DE,https://recorder.maricopa.gov/recording/document-preview.html?recordingNumber=20250710761&suffix=&pages=7
20250711595,12-10-2025,DE,https://recorder.maricopa.gov/recording/document-preview.html?recordingNumber=20250711595&suffix=&pages=7
20250711859,12-10-2025,DE,https://recorder.maricopa.gov/recording/document-preview.html?recordingNumber=20250711859&suffix=&pages=7
20250711871,12-10-2025,DE,https://recorder.maricopa.gov/recording/document-preview.html?recordingNumber=20250711871&suffix=&pages=7
20250712535,12-10-2025,DE,https://recorder.maricopa.gov/recording/document-preview.html?recordingNumber=20250712535&suffix=&pages=7
20250712857,12-10-2025,DE,https://recorder.maricopa.gov/recording/document-preview.html?recordingNumber=20250712857&suffix=&pages=7
20250713103,12-10-2025,DE,https://recorder.maricopa.gov/recording/document-preview.html?recordingNumber=20250713103&suffix=&pages=7
20250714438,12-11-2025,DE,https://recorder.maricopa.gov/recording/document-preview.html?recordingNumber=20250714438&suffix=&pages=7
20250714439,12-11-2025,DE,https://recorder.maricopa.gov/recording/document-preview.html?recordingNumber=20250714439&suffix=&pages=7
20250715310,12-11-2025,DE,https://recorder.maricopa.gov/recording/document-preview.html?recordingNumber=20250715310&suffix=&pages=7
20250715420,12-11-2025,DE,https://recorder.maricopa.gov/recording/document-preview.html?recordingNumber=20250715420&suffix=&pages=7
20250715421,12-11-2025,DE,https://recorder.maricopa.gov/recording/document-preview.html?recordingNumber=20250715421&suffix=&pages=7
20250715422,12-11-2025,DE,https://recorder.maricopa.gov/recording/document-preview.html?recordingNumber=20250715422&suffix=&pages=7
20250715423,12-11-2025,DE,https://recorder.maricopa.gov/recording/document-preview.html?recordingNumber=20250715423&suffix=&pages=7
20250715424,12-11-2025,DE,https://recorder.maricopa.gov/recording/document-preview.html?recordingNumber=20250715424&suffix=&pages=7
20250717126,12-12-2025,DE,https://recorder.maricopa.gov/recording/document-preview.html?recordingNumber=20250717126&suffix=&pages=7
20250718100,12-12-2025,DE,https://recorder.maricopa.gov/recording/document-preview.html?recordingNumber=20250718100&suffix=&pages=7
20250718593,12-12-2025,DE,https://recorder.maricopa.gov/recording/document-preview.html?recordingNumber=20250718593&suffix=&pages=7
20250718854,12-12-2025,DE,https://recorder.maricopa.gov/recording/document-preview.html?recordingNumber=20250718854&suffix=&pages=7
20250718855,12-12-2025,DE,https://recorder.maricopa.gov/recording/document-preview.html?recordingNumber=20250718855&suffix=&pages=7
20250718856,12-12-2025,DE,https://recorder.maricopa.gov/recording/document-preview.html?recordingNumber=20250718856&suffix=&pages=7
20250721096,12-15-2025,DE,https://recorder.maricopa.gov/recording/document-preview.html?recordingNumber=20250721096&suffix=&pages=7
20250721480,12-15-2025,DE,https://recorder.maricopa.gov/recording/document-preview.html?recordingNumber=20250721480&suffix=&pages=7
20250721892,12-15-2025,DE,https://recorder.maricopa.gov/recording/document-preview.html?recordingNumber=20250721892&suffix=&pages=7
20250722152,12-15-2025,DE,https://recorder.maricopa.gov/recording/document-preview.html?recordingNumber=20250722152&suffix=&pages=7
20250723174,12-16-2025,DE,https://recorder.maricopa.gov/recording/document-preview.html?recordingNumber=20250723174&suffix=&pages=7
20250723212,12-16-2025,DE,https://recorder.maricopa.gov/recording/document-preview.html?recordingNumber=20250723212&suffix=&pages=7
20250723440,12-16-2025,DE,https://recorder.maricopa.gov/recording/document-preview.html?recordingNumber=20250723440&suffix=&pages=7
20250723444,12-16-2025,DE,https://recorder.maricopa.gov/recording/document-preview.html?recordingNumber=20250723444&suffix=&pages=7
20250723452,12-16-2025,DE,https://recorder.maricopa.gov/recording/document-preview.html?recordingNumber=20250723452&suffix=&pages=7
20250723485,12-16-2025,DE,https://recorder.maricopa.gov/recording/document-preview.html?recordingNumber=20250723485&suffix=&pages=7
20250723590,12-16-2025,DE,https://recorder.maricopa.gov/recording/document-preview.html?recordingNumber=20250723590&suffix=&pages=7
20250724211,12-16-2025,DE,https://recorder.maricopa.gov/recording/document-preview.html?recordingNumber=20250724211&suffix=&pages=7
20250724483,12-16-2025,DE,https://recorder.maricopa.gov/recording/document-preview.html?recordingNumber=20250724483&suffix=&pages=7
20250724484,12-16-2025,DE,https://recorder.maricopa.gov/recording/document-preview.html?recordingNumber=20250724484&suffix=&pages=7
20250724485,12-16-2025,DE,https://recorder.maricopa.gov/recording/document-preview.html?recordingNumber=20250724485&suffix=&pages=7
20250724486,12-16-2025,DE,https://recorder.maricopa.gov/recording/document-preview.html?recordingNumber=20250724486&suffix=&pages=7
20250724613,12-16-2025,DE,https://recorder.maricopa.gov/recording/document-preview.html?recordingNumber=20250724613&suffix=&pages=7
20250724643,12-16-2025,DE,https://recorder.maricopa.gov/recording/document-preview.html?recordingNumber=20250724643&suffix=&pages=7
20250725335,12-16-2025,DE,https://recorder.maricopa.gov/recording/document-preview.html?recordingNumber=20250725335&suffix=&pages=7
20250725803,12-17-2025,DE,https://recorder.maricopa.gov/recording/document-preview.html?recordingNumber=20250725803&suffix=&pages=7
20250725840,12-17-2025,DE,https://recorder.maricopa.gov/recording/document-preview.html?recordingNumber=20250725840&suffix=&pages=7
20250726950,12-17-2025,DE,https://recorder.maricopa.gov/recording/document-preview.html?recordingNumber=20250726950&suffix=&pages=7
20250727125,12-17-2025,DE,https://recorder.maricopa.gov/recording/document-preview.html?recordingNumber=20250727125&suffix=&pages=7
20250727258,12-17-2025,DE,https://recorder.maricopa.gov/recording/document-preview.html?recordingNumber=20250727258&suffix=&pages=7
20250727686,12-17-2025,DE,https://recorder.maricopa.gov/recording/document-preview.html?recordingNumber=20250727686&suffix=&pages=7
20250728121,12-17-2025,DE,https://recorder.maricopa.gov/recording/document-preview.html?recordingNumber=20250728121&suffix=&pages=7
20250728323,12-17-2025,DE,https://recorder.maricopa.gov/recording/document-preview.html?recordingNumber=20250728323&suffix=&pages=7
20250728399,12-17-2025,DE,https://recorder.maricopa.gov/recording/document-preview.html?recordingNumber=20250728399&suffix=&pages=7
20250728471,12-17-2025,DE,https://recorder.maricopa.gov/recording/document-preview.html?recordingNumber=20250728471&suffix=&pages=7
20250729934,12-18-2025,DE,https://recorder.maricopa.gov/recording/document-preview.html?recordingNumber=20250729934&suffix=&pages=7
20250730126,12-18-2025,DE,https://recorder.maricopa.gov/recording/document-preview.html?recordingNumber=20250730126&suffix=&pages=7
20250730176,12-18-2025,DE,https://recorder.maricopa.gov/recording/document-preview.html?recordingNumber=20250730176&suffix=&pages=7
20250730207,12-18-2025,DE,https://recorder.maricopa.gov/recording/document-preview.html?recordingNumber=20250730207&suffix=&pages=7
20250730897,12-18-2025,DE,https://recorder.maricopa.gov/recording/document-preview.html?recordingNumber=20250730897&suffix=&pages=7
20250730935,12-18-2025,DE,https://recorder.maricopa.gov/recording/document-preview.html?recordingNumber=20250730935&suffix=&pages=7
20250731322,12-18-2025,DE,https://recorder.maricopa.gov/recording/document-preview.html?recordingNumber=20250731322&suffix=&pages=7
20250732741,12-19-2025,DE,https://recorder.maricopa.gov/recording/document-preview.html?recordingNumber=20250732741&suffix=&pages=7
20250732742,12-19-2025,DE,https://recorder.maricopa.gov/recording/document-preview.html?recordingNumber=20250732742&suffix=&pages=7
20250732743,12-19-2025,DE,https://recorder.maricopa.gov/recording/document-preview.html?recordingNumber=20250732743&suffix=&pages=7
20250732890,12-19-2025,DE,https://recorder.maricopa.gov/recording/document-preview.html?recordingNumber=20250732890&suffix=&pages=7
20250733134,12-19-2025,DE,https://recorder.maricopa.gov/recording/document-preview.html?recordingNumber=20250733134&suffix=&pages=7
20250733557,12-19-2025,DE,https://recorder.maricopa.gov/recording/document-preview.html?recordingNumber=20250733557&suffix=&pages=7
20250734028,12-19-2025,DE,https://recorder.maricopa.gov/recording/document-preview.html?recordingNumber=20250734028&suffix=&pages=7
20250734029,12-19-2025,DE,https://recorder.maricopa.gov/recording/document-preview.html?recordingNumber=20250734029&suffix=&pages=7
20250734392,12-19-2025,DE,https://recorder.maricopa.gov/recording/document-preview.html?recordingNumber=20250734392&suffix=&pages=7
20250734393,12-19-2025,DE,https://recorder.maricopa.gov/recording/document-preview.html?recordingNumber=20250734393&suffix=&pages=7
20250734949,12-19-2025,DE,https://recorder.maricopa.gov/recording/document-preview.html?recordingNumber=20250734949&suffix=&pages=7
20250735918,12-22-2025,DE,https://recorder.maricopa.gov/recording/document-preview.html?recordingNumber=20250735918&suffix=&pages=7
20250736020,12-22-2025,DE,https://recorder.maricopa.gov/recording/document-preview.html?recordingNumber=20250736020&suffix=&pages=7
20250736042,12-22-2025,DE,https://recorder.maricopa.gov/recording/document-preview.html?recordingNumber=20250736042&suffix=&pages=7
20250736061,12-22-2025,DE,https://recorder.maricopa.gov/recording/document-preview.html?recordingNumber=20250736061&suffix=&pages=7
20250736283,12-22-2025,DE,https://recorder.maricopa.gov/recording/document-preview.html?recordingNumber=20250736283&suffix=&pages=7
20250736284,12-22-2025,DE,https://recorder.maricopa.gov/recording/document-preview.html?recordingNumber=20250736284&suffix=&pages=7
20250739692,12-23-2025,DE,https://recorder.maricopa.gov/recording/document-preview.html?recordingNumber=20250739692&suffix=&pages=7
20250740169,12-23-2025,DE,https://recorder.maricopa.gov/recording/document-preview.html?recordingNumber=20250740169&suffix=&pages=7
20250740723,12-23-2025,DE,https://recorder.maricopa.gov/recording/document-preview.html?recordingNumber=20250740723&suffix=&pages=7
20250740908,12-23-2025,DE,https://recorder.maricopa.gov/recording/document-preview.html?recordingNumber=20250740908&suffix=&pages=7
20250741037,12-23-2025,DE,https://recorder.maricopa.gov/recording/document-preview.html?recordingNumber=20250741037&suffix=&pages=7
20250742873,12-24-2025,DE,https://recorder.maricopa.gov/recording/document-preview.html?recordingNumber=20250742873&suffix=&pages=7
20250744380,12-26-2025,DE,https://recorder.maricopa.gov/recording/document-preview.html?recordingNumber=20250744380&suffix=&pages=7
20250744909,12-26-2025,DE,https://recorder.maricopa.gov/recording/document-preview.html?recordingNumber=20250744909&suffix=&pages=7
20250745185,12-26-2025,DE,https://recorder.maricopa.gov/recording/document-preview.html?recordingNumber=20250745185&suffix=&pages=7
20250745594,12-26-2025,DE,https://recorder.maricopa.gov/recording/document-preview.html?recordingNumber=20250745594&suffix=&pages=7
20250747112,12-29-2025,DE,https://recorder.maricopa.gov/recording/document-preview.html?recordingNumber=20250747112&suffix=&pages=7
20250747322,12-29-2025,DE,https://recorder.maricopa.gov/recording/document-preview.html?recordingNumber=20250747322&suffix=&pages=7
20250747912,12-29-2025,DE,https://recorder.maricopa.gov/recording/document-preview.html?recordingNumber=20250747912&suffix=&pages=7
20250747921,12-29-2025,DE,https://recorder.maricopa.gov/recording/document-preview.html?recordingNumber=20250747921&suffix=&pages=7
20250748277,12-29-2025,DE,https://recorder.maricopa.gov/recording/document-preview.html?recordingNumber=20250748277&suffix=&pages=7
20250748290,12-29-2025,DE,https://recorder.maricopa.gov/recording/document-preview.html?recordingNumber=20250748290&suffix=&pages=7
20250748595,12-29-2025,DE,https://recorder.maricopa.gov/recording/document-preview.html?recordingNumber=20250748595&suffix=&pages=7
20250748599,12-29-2025,DE,https://recorder.maricopa.gov/recording/document-preview.html?recordingNumber=20250748599&suffix=&pages=7
20250749209,12-30-2025,DE,https://recorder.maricopa.gov/recording/document-preview.html?recordingNumber=20250749209&suffix=&pages=7
20250749339,12-30-2025,DE,https://recorder.maricopa.gov/recording/document-preview.html?recordingNumber=20250749339&suffix=&pages=7
20250749540,12-30-2025,DE,https://recorder.maricopa.gov/recording/document-preview.html?recordingNumber=20250749540&suffix=&pages=7
20250749574,12-30-2025,DE,https://recorder.maricopa.gov/recording/document-preview.html?recordingNumber=20250749574&suffix=&pages=7
20250749620,12-30-2025,DE,https://recorder.maricopa.gov/recording/document-preview.html?recordingNumber=20250749620&suffix=&pages=7
20250749810,12-30-2025,DE,https://recorder.maricopa.gov/recording/document-preview.html?recordingNumber=20250749810&suffix=&pages=7
20250751438,12-30-2025,DE,https://recorder.maricopa.gov/recording/document-preview.html?recordingNumber=20250751438&suffix=&pages=7
20250751439,12-30-2025,DE,https://recorder.maricopa.gov/recording/document-preview.html?recordingNumber=20250751439&suffix=&pages=7
20250751440,12-30-2025,DE,https://recorder.maricopa.gov/recording/document-preview.html?recordingNumber=20250751440&suffix=&pages=7
20250751704,12-30-2025,DE,https://recorder.maricopa.gov/recording/document-preview.html?recordingNumber=20250751704&suffix=&pages=7
20250752372,12-31-2025,DE,https://recorder.maricopa.gov/recording/document-preview.html?recordingNumber=20250752372&suffix=&pages=7
20250752616,12-31-2025,DE,https://recorder.maricopa.gov/recording/document-preview.html?recordingNumber=20250752616&suffix=&pages=7
20250752649,12-31-2025,DE,https://recorder.maricopa.gov/recording/document-preview.html?recordingNumber=20250752649&suffix=&pages=7
20260000304,1-02-2026,DE,https://recorder.maricopa.gov/recording/document-preview.html?recordingNumber=20260000304&suffix=&pages=7
20260000312,1-02-2026,DE,https://recorder.maricopa.gov/recording/document-preview.html?recordingNumber=20260000312&suffix=&pages=7
20260000332,1-02-2026,DE,https://recorder.maricopa.gov/recording/document-preview.html?recordingNumber=20260000332&suffix=&pages=7
20260000576,1-02-2026,DE,https://recorder.maricopa.gov/recording/document-preview.html?recordingNumber=20260000576&suffix=&pages=7
20260000830,1-02-2026,DE,https://recorder.maricopa.gov/recording/document-preview.html?recordingNumber=20260000830&suffix=&pages=7
20260001899,1-02-2026,DE,https://recorder.maricopa.gov/recording/document-preview.html?recordingNumber=20260001899&suffix=&pages=7
20260002121,1-02-2026,DE,https://recorder.maricopa.gov/recording/document-preview.html?recordingNumber=20260002121&suffix=&pages=7
20260002122,1-02-2026,DE,https://recorder.maricopa.gov/recording/document-preview.html?recordingNumber=20260002122&suffix=&pages=7
20260003776,1-05-2026,DE,https://recorder.maricopa.gov/recording/document-preview.html?recordingNumber=20260003776&suffix=&pages=7
20260004093,1-05-2026,DE,https://recorder.maricopa.gov/recording/document-preview.html?recordingNumber=20260004093&suffix=&pages=7
20260004907,1-05-2026,DE,https://recorder.maricopa.gov/recording/document-preview.html?recordingNumber=20260004907&suffix=&pages=7
20260005275,1-05-2026,DE,https://recorder.maricopa.gov/recording/document-preview.html?recordingNumber=20260005275&suffix=&pages=7
20260005281,1-05-2026,DE,https://recorder.maricopa.gov/recording/document-preview.html?recordingNumber=20260005281&suffix=&pages=7
20260006240,1-06-2026,DE,https://recorder.maricopa.gov/recording/document-preview.html?recordingNumber=20260006240&suffix=&pages=7
20260006249,1-06-2026,DE,https://recorder.maricopa.gov/recording/document-preview.html?recordingNumber=20260006249&suffix=&pages=7
20260007361,1-06-2026,DE,https://recorder.maricopa.gov/recording/document-preview.html?recordingNumber=20260007361&suffix=&pages=7
20260007751,1-06-2026,DE,https://recorder.maricopa.gov/recording/document-preview.html?recordingNumber=20260007751&suffix=&pages=7
20260007753,1-06-2026,DE,https://recorder.maricopa.gov/recording/document-preview.html?recordingNumber=20260007753&suffix=&pages=7
20260007784,1-06-2026,DE,https://recorder.maricopa.gov/recording/document-preview.html?recordingNumber=20260007784&suffix=&pages=7
20260008079,1-06-2026,DE,https://recorder.maricopa.gov/recording/document-preview.html?recordingNumber=20260008079&suffix=&pages=7
20260008740,1-07-2026,DE,https://recorder.maricopa.gov/recording/document-preview.html?recordingNumber=20260008740&suffix=&pages=7
20260009001,1-07-2026,DE,https://recorder.maricopa.gov/recording/document-preview.html?recordingNumber=20260009001&suffix=&pages=7
20260010634,1-07-2026,DE,https://recorder.maricopa.gov/recording/document-preview.html?recordingNumber=20260010634&suffix=&pages=7
20260010637,1-07-2026,DE,https://recorder.maricopa.gov/recording/document-preview.html?recordingNumber=20260010637&suffix=&pages=7
20260010817,1-07-2026,DE,https://recorder.maricopa.gov/recording/document-preview.html?recordingNumber=20260010817&suffix=&pages=7
20260011009,1-07-2026,DE,https://recorder.maricopa.gov/recording/document-preview.html?recordingNumber=20260011009&suffix=&pages=7
20260011010,1-07-2026,DE,https://recorder.maricopa.gov/recording/document-preview.html?recordingNumber=20260011010&suffix=&pages=7
20260011474,1-08-2026,DE,https://recorder.maricopa.gov/recording/document-preview.html?recordingNumber=20260011474&suffix=&pages=7
20260011628,1-08-2026,DE,https://recorder.maricopa.gov/recording/document-preview.html?recordingNumber=20260011628&suffix=&pages=7
20260011704,1-08-2026,DE,https://recorder.maricopa.gov/recording/document-preview.html?recordingNumber=20260011704&suffix=&pages=7
20260012525,1-08-2026,DE,https://recorder.maricopa.gov/recording/document-preview.html?recordingNumber=20260012525&suffix=&pages=7
20260013234,1-08-2026,DE,https://recorder.maricopa.gov/recording/document-preview.html?recordingNumber=20260013234&suffix=&pages=7
20260013876,1-09-2026,DE,https://recorder.maricopa.gov/recording/document-preview.html?recordingNumber=20260013876&suffix=&pages=7
20260014545,1-09-2026,DE,https://recorder.maricopa.gov/recording/document-preview.html?recordingNumber=20260014545&suffix=&pages=7
20260015598,1-09-2026,DE,https://recorder.maricopa.gov/recording/document-preview.html?recordingNumber=20260015598&suffix=&pages=7
20260015599,1-09-2026,DE,https://recorder.maricopa.gov/recording/document-preview.html?recordingNumber=20260015599&suffix=&pages=7
20260016562,1-12-2026,DE,https://recorder.maricopa.gov/recording/document-preview.html?recordingNumber=20260016562&suffix=&pages=7
20260016628,1-12-2026,DE,https://recorder.maricopa.gov/recording/document-preview.html?recordingNumber=20260016628&suffix=&pages=7
20260017330,1-12-2026,DE,https://recorder.maricopa.gov/recording/document-preview.html?recordingNumber=20260017330&suffix=&pages=7
20260017953,1-12-2026,DE,https://recorder.maricopa.gov/recording/document-preview.html?recordingNumber=20260017953&suffix=&pages=7
20260018333,1-12-2026,DE,https://recorder.maricopa.gov/recording/document-preview.html?recordingNumber=20260018333&suffix=&pages=7
20260018334,1-12-2026,DE,https://recorder.maricopa.gov/recording/document-preview.html?recordingNumber=20260018334&suffix=&pages=7
20260018719,1-12-2026,DE,https://recorder.maricopa.gov/recording/document-preview.html?recordingNumber=20260018719&suffix=&pages=7
20260019025,1-12-2026,DE,https://recorder.maricopa.gov/recording/document-preview.html?recordingNumber=20260019025&suffix=&pages=7
20260019343,1-12-2026,DE,https://recorder.maricopa.gov/recording/document-preview.html?recordingNumber=20260019343&suffix=&pages=7
20260019953,1-13-2026,DE,https://recorder.maricopa.gov/recording/document-preview.html?recordingNumber=20260019953&suffix=&pages=7
20260020796,1-13-2026,DE,https://recorder.maricopa.gov/recording/document-preview.html?recordingNumber=20260020796&suffix=&pages=7
20260021103,1-13-2026,DE,https://recorder.maricopa.gov/recording/document-preview.html?recordingNumber=20260021103&suffix=&pages=7
20260021229,1-13-2026,DE,https://recorder.maricopa.gov/recording/document-preview.html?recordingNumber=20260021229&suffix=&pages=7
20260021300,1-13-2026,DE,https://recorder.maricopa.gov/recording/document-preview.html?recordingNumber=20260021300&suffix=&pages=7
20260021672,1-13-2026,DE,https://recorder.maricopa.gov/recording/document-preview.html?recordingNumber=20260021672&suffix=&pages=7
20260022261,1-13-2026,DE,https://recorder.maricopa.gov/recording/document-preview.html?recordingNumber=20260022261&suffix=&pages=7
20260023371,1-14-2026,DE,https://recorder.maricopa.gov/recording/document-preview.html?recordingNumber=20260023371&suffix=&pages=7
20260024116,1-14-2026,DE,https://recorder.maricopa.gov/recording/document-preview.html?recordingNumber=20260024116&suffix=&pages=7
20260024492,1-14-2026,DE,https://recorder.maricopa.gov/recording/document-preview.html?recordingNumber=20260024492&suffix=&pages=7
20260025056,1-14-2026,DE,https://recorder.maricopa.gov/recording/document-preview.html?recordingNumber=20260025056&suffix=&pages=7
20260025187,1-14-2026,DE,https://recorder.maricopa.gov/recording/document-preview.html?recordingNumber=20260025187&suffix=&pages=7
20260025188,1-14-2026,DE,https://recorder.maricopa.gov/recording/document-preview.html?recordingNumber=20260025188&suffix=&pages=7
20260026610,1-15-2026,DE,https://recorder.maricopa.gov/recording/document-preview.html?recordingNumber=20260026610&suffix=&pages=7
20260026976,1-15-2026,DE,https://recorder.maricopa.gov/recording/document-preview.html?recordingNumber=20260026976&suffix=&pages=7
20260027685,1-15-2026,DE,https://recorder.maricopa.gov/recording/document-preview.html?recordingNumber=20260027685&suffix=&pages=7
20260027698,1-15-2026,DE,https://recorder.maricopa.gov/recording/document-preview.html?recordingNumber=20260027698&suffix=&pages=7
20260027787,1-15-2026,DE,https://recorder.maricopa.gov/recording/document-preview.html?recordingNumber=20260027787&suffix=&pages=7
20260028137,1-15-2026,DE,https://recorder.maricopa.gov/recording/document-preview.html?recordingNumber=20260028137&suffix=&pages=7
20260029633,1-16-2026,DE,https://recorder.maricopa.gov/recording/document-preview.html?recordingNumber=20260029633&suffix=&pages=7
20260029939,1-16-2026,DE,https://recorder.maricopa.gov/recording/document-preview.html?recordingNumber=20260029939&suffix=&pages=7
20260030330,1-16-2026,DE,https://recorder.maricopa.gov/recording/document-preview.html?recordingNumber=20260030330&suffix=&pages=7
20260030805,1-16-2026,DE,https://recorder.maricopa.gov/recording/document-preview.html?recordingNumber=20260030805&suffix=&pages=7
20260030829,1-16-2026,DE,https://recorder.maricopa.gov/recording/document-preview.html?recordingNumber=20260030829&suffix=&pages=7
20260032133,1-20-2026,DE,https://recorder.maricopa.gov/recording/document-preview.html?recordingNumber=20260032133&suffix=&pages=7
20260032697,1-20-2026,DE,https://recorder.maricopa.gov/recording/document-preview.html?recordingNumber=20260032697&suffix=&pages=7
20260033325,1-20-2026,DE,https://recorder.maricopa.gov/recording/document-preview.html?recordingNumber=20260033325&suffix=&pages=7
20260033605,1-20-2026,DE,https://recorder.maricopa.gov/recording/document-preview.html?recordingNumber=20260033605&suffix=&pages=7
20260034230,1-20-2026,DE,https://recorder.maricopa.gov/recording/document-preview.html?recordingNumber=20260034230&suffix=&pages=7
20260034646,1-21-2026,DE,https://recorder.maricopa.gov/recording/document-preview.html?recordingNumber=20260034646&suffix=&pages=7
20260034647,1-21-2026,DE,https://recorder.maricopa.gov/recording/document-preview.html?recordingNumber=20260034647&suffix=&pages=7
20260035078,1-21-2026,DE,https://recorder.maricopa.gov/recording/document-preview.html?recordingNumber=20260035078&suffix=&pages=7
20260035282,1-21-2026,DE,https://recorder.maricopa.gov/recording/document-preview.html?recordingNumber=20260035282&suffix=&pages=7
20260036214,1-21-2026,DE,https://recorder.maricopa.gov/recording/document-preview.html?recordingNumber=20260036214&suffix=&pages=7
20260037161,1-21-2026,DE,https://recorder.maricopa.gov/recording/document-preview.html?recordingNumber=20260037161&suffix=&pages=7
20260038549,1-22-2026,DE,https://recorder.maricopa.gov/recording/document-preview.html?recordingNumber=20260038549&suffix=&pages=7
20260038870,1-22-2026,DE,https://recorder.maricopa.gov/recording/document-preview.html?recordingNumber=20260038870&suffix=&pages=7
20260039834,1-22-2026,DE,https://recorder.maricopa.gov/recording/document-preview.html?recordingNumber=20260039834&suffix=&pages=7
20260039972,1-22-2026,DE,https://recorder.maricopa.gov/recording/document-preview.html?recordingNumber=20260039972&suffix=&pages=7
20260042884,1-23-2026,DE,https://recorder.maricopa.gov/recording/document-preview.html?recordingNumber=20260042884&suffix=&pages=7
20260043921,1-26-2026,DE,https://recorder.maricopa.gov/recording/document-preview.html?recordingNumber=20260043921&suffix=&pages=7
20260044397,1-26-2026,DE,https://recorder.maricopa.gov/recording/document-preview.html?recordingNumber=20260044397&suffix=&pages=7
20260045010,1-26-2026,DE,https://recorder.maricopa.gov/recording/document-preview.html?recordingNumber=20260045010&suffix=&pages=7
20260045049,1-26-2026,DE,https://recorder.maricopa.gov/recording/document-preview.html?recordingNumber=20260045049&suffix=&pages=7
20260046216,1-26-2026,DE,https://recorder.maricopa.gov/recording/document-preview.html?recordingNumber=20260046216&suffix=&pages=7
20260046248,1-26-2026,DE,https://recorder.maricopa.gov/recording/document-preview.html?recordingNumber=20260046248&suffix=&pages=7
20260046249,1-26-2026,DE,https://recorder.maricopa.gov/recording/document-preview.html?recordingNumber=20260046249&suffix=&pages=7
20260046273,1-26-2026,DE,https://recorder.maricopa.gov/recording/document-preview.html?recordingNumber=20260046273&suffix=&pages=7
20260047455,1-27-2026,DE,https://recorder.maricopa.gov/recording/document-preview.html?recordingNumber=20260047455&suffix=&pages=7
20260047849,1-27-2026,DE,https://recorder.maricopa.gov/recording/document-preview.html?recordingNumber=20260047849&suffix=&pages=7
20260048105,1-27-2026,DE,https://recorder.maricopa.gov/recording/document-preview.html?recordingNumber=20260048105&suffix=&pages=7
20260048343,1-27-2026,DE,https://recorder.maricopa.gov/recording/document-preview.html?recordingNumber=20260048343&suffix=&pages=7
20260048344,1-27-2026,DE,https://recorder.maricopa.gov/recording/document-preview.html?recordingNumber=20260048344&suffix=&pages=7
20260048363,1-27-2026,DE,https://recorder.maricopa.gov/recording/document-preview.html?recordingNumber=20260048363&suffix=&pages=7
20260048364,1-27-2026,DE,https://recorder.maricopa.gov/recording/document-preview.html?recordingNumber=20260048364&suffix=&pages=7
20260048873,1-27-2026,DE,https://recorder.maricopa.gov/recording/document-preview.html?recordingNumber=20260048873&suffix=&pages=7
20260049455,1-27-2026,DE,https://recorder.maricopa.gov/recording/document-preview.html?recordingNumber=20260049455&suffix=&pages=7
20260051363,1-28-2026,DE,https://recorder.maricopa.gov/recording/document-preview.html?recordingNumber=20260051363&suffix=&pages=7
20260051365,1-28-2026,DE,https://recorder.maricopa.gov/recording/document-preview.html?recordingNumber=20260051365&suffix=&pages=7
20260051849,1-28-2026,DE,https://recorder.maricopa.gov/recording/document-preview.html?recordingNumber=20260051849&suffix=&pages=7
20260052443,1-29-2026,DE,https://recorder.maricopa.gov/recording/document-preview.html?recordingNumber=20260052443&suffix=&pages=7
20260053785,1-29-2026,DE,https://recorder.maricopa.gov/recording/document-preview.html?recordingNumber=20260053785&suffix=&pages=7
20260054210,1-29-2026,DE,https://recorder.maricopa.gov/recording/document-preview.html?recordingNumber=20260054210&suffix=&pages=7
20260054451,1-29-2026,DE,https://recorder.maricopa.gov/recording/document-preview.html?recordingNumber=20260054451&suffix=&pages=7
20260056871,1-30-2026,DE,https://recorder.maricopa.gov/recording/document-preview.html?recordingNumber=20260056871&suffix=&pages=7
20260056872,1-30-2026,DE,https://recorder.maricopa.gov/recording/document-preview.html?recordingNumber=20260056872&suffix=&pages=7
20260057288,1-30-2026,DE,https://recorder.maricopa.gov/recording/document-preview.html?recordingNumber=20260057288&suffix=&pages=7
20260058491,1-30-2026,DE,https://recorder.maricopa.gov/recording/document-preview.html?recordingNumber=20260058491&suffix=&pages=7
20260058496,1-30-2026,DE,https://recorder.maricopa.gov/recording/document-preview.html?recordingNumber=20260058496&suffix=&pages=7
20260059791,2-02-2026,DE,https://recorder.maricopa.gov/recording/document-preview.html?recordingNumber=20260059791&suffix=&pages=7
20260059817,2-02-2026,DE,https://recorder.maricopa.gov/recording/document-preview.html?recordingNumber=20260059817&suffix=&pages=7
20260060167,2-02-2026,DE,https://recorder.maricopa.gov/recording/document-preview.html?recordingNumber=20260060167&suffix=&pages=7
20260060501,2-02-2026,DE,https://recorder.maricopa.gov/recording/document-preview.html?recordingNumber=20260060501&suffix=&pages=7
20260060953,2-02-2026,DE,https://recorder.maricopa.gov/recording/document-preview.html?recordingNumber=20260060953&suffix=&pages=7
20260060954,2-02-2026,DE,https://recorder.maricopa.gov/recording/document-preview.html?recordingNumber=20260060954&suffix=&pages=7
20260062317,2-03-2026,DE,https://recorder.maricopa.gov/recording/document-preview.html?recordingNumber=20260062317&suffix=&pages=7
20260063690,2-03-2026,DE,https://recorder.maricopa.gov/recording/document-preview.html?recordingNumber=20260063690&suffix=&pages=7
20260063955,2-03-2026,DE,https://recorder.maricopa.gov/recording/document-preview.html?recordingNumber=20260063955&suffix=&pages=7
20260064058,2-03-2026,DE,https://recorder.maricopa.gov/recording/document-preview.html?recordingNumber=20260064058&suffix=&pages=7
20260064189,2-03-2026,DE,https://recorder.maricopa.gov/recording/document-preview.html?recordingNumber=20260064189&suffix=&pages=7
20260065083,2-04-2026,DE,https://recorder.maricopa.gov/recording/document-preview.html?recordingNumber=20260065083&suffix=&pages=7
20260065422,2-04-2026,DE,https://recorder.maricopa.gov/recording/document-preview.html?recordingNumber=20260065422&suffix=&pages=7
20260066611,2-04-2026,DE,https://recorder.maricopa.gov/recording/document-preview.html?recordingNumber=20260066611&suffix=&pages=7
20260066736,2-04-2026,DE,https://recorder.maricopa.gov/recording/document-preview.html?recordingNumber=20260066736&suffix=&pages=7
20260067180,2-04-2026,DE,https://recorder.maricopa.gov/recording/document-preview.html?recordingNumber=20260067180&suffix=&pages=7
20260068538,2-05-2026,DE,https://recorder.maricopa.gov/recording/document-preview.html?recordingNumber=20260068538&suffix=&pages=7
20260068539,2-05-2026,DE,https://recorder.maricopa.gov/recording/document-preview.html?recordingNumber=20260068539&suffix=&pages=7
20260069285,2-05-2026,DE,https://recorder.maricopa.gov/recording/document-preview.html?recordingNumber=20260069285&suffix=&pages=7
20260069354,2-05-2026,DE,https://recorder.maricopa.gov/recording/document-preview.html?recordingNumber=20260069354&suffix=&pages=7
20260070933,2-06-2026,DE,https://recorder.maricopa.gov/recording/document-preview.html?recordingNumber=20260070933&suffix=&pages=7
20260071030,2-06-2026,DE,https://recorder.maricopa.gov/recording/document-preview.html?recordingNumber=20260071030&suffix=&pages=7
20260071036,2-06-2026,DE,https://recorder.maricopa.gov/recording/document-preview.html?recordingNumber=20260071036&suffix=&pages=7
20260071439,2-06-2026,DE,https://recorder.maricopa.gov/recording/document-preview.html?recordingNumber=20260071439&suffix=&pages=7
20260071570,2-06-2026,DE,https://recorder.maricopa.gov/recording/document-preview.html?recordingNumber=20260071570&suffix=&pages=7
20260072201,2-06-2026,DE,https://recorder.maricopa.gov/recording/document-preview.html?recordingNumber=20260072201&suffix=&pages=7
20260072486,2-06-2026,DE,https://recorder.maricopa.gov/recording/document-preview.html?recordingNumber=20260072486&suffix=&pages=7
20260072667,2-06-2026,DE,https://recorder.maricopa.gov/recording/document-preview.html?recordingNumber=20260072667&suffix=&pages=7
20260074205,2-09-2026,DE,https://recorder.maricopa.gov/recording/document-preview.html?recordingNumber=20260074205&suffix=&pages=7
20260075392,2-09-2026,DE,https://recorder.maricopa.gov/recording/document-preview.html?recordingNumber=20260075392&suffix=&pages=7
20260075660,2-09-2026,DE,https://recorder.maricopa.gov/recording/document-preview.html?recordingNumber=20260075660&suffix=&pages=7
20260078187,2-10-2026,DE,https://recorder.maricopa.gov/recording/document-preview.html?recordingNumber=20260078187&suffix=&pages=7
20260078314,2-10-2026,DE,https://recorder.maricopa.gov/recording/document-preview.html?recordingNumber=20260078314&suffix=&pages=7
20260078320,2-10-2026,DE,https://recorder.maricopa.gov/recording/document-preview.html?recordingNumber=20260078320&suffix=&pages=7
20260078627,2-10-2026,DE,https://recorder.maricopa.gov/recording/document-preview.html?recordingNumber=20260078627&suffix=&pages=7
20260079021,2-11-2026,DE,https://recorder.maricopa.gov/recording/document-preview.html?recordingNumber=20260079021&suffix=&pages=7
20260079023,2-11-2026,DE,https://recorder.maricopa.gov/recording/document-preview.html?recordingNumber=20260079023&suffix=&pages=7
20260079682,2-11-2026,DE,https://recorder.maricopa.gov/recording/document-preview.html?recordingNumber=20260079682&suffix=&pages=7
20260079916,2-11-2026,DE,https://recorder.maricopa.gov/recording/document-preview.html?recordingNumber=20260079916&suffix=&pages=7
20260080601,2-11-2026,DE,https://recorder.maricopa.gov/recording/document-preview.html?recordingNumber=20260080601&suffix=&pages=7
20260080603,2-11-2026,DE,https://recorder.maricopa.gov/recording/document-preview.html?recordingNumber=20260080603&suffix=&pages=7
20260080604,2-11-2026,DE,https://recorder.maricopa.gov/recording/document-preview.html?recordingNumber=20260080604&suffix=&pages=7
20260081141,2-11-2026,DE,https://recorder.maricopa.gov/recording/document-preview.html?recordingNumber=20260081141&suffix=&pages=7
20260082447,2-12-2026,DE,https://recorder.maricopa.gov/recording/document-preview.html?recordingNumber=20260082447&suffix=&pages=7
20260082547,2-12-2026,DE,https://recorder.maricopa.gov/recording/document-preview.html?recordingNumber=20260082547&suffix=&pages=7
20260082918,2-12-2026,DE,https://recorder.maricopa.gov/recording/document-preview.html?recordingNumber=20260082918&suffix=&pages=7
20260083180,2-12-2026,DE,https://recorder.maricopa.gov/recording/document-preview.html?recordingNumber=20260083180&suffix=&pages=7
20260083825,2-12-2026,DE,https://recorder.maricopa.gov/recording/document-preview.html?recordingNumber=20260083825&suffix=&pages=7
20260086558,2-13-2026,DE,https://recorder.maricopa.gov/recording/document-preview.html?recordingNumber=20260086558&suffix=&pages=7
20260087667,2-17-2026,DE,https://recorder.maricopa.gov/recording/document-preview.html?recordingNumber=20260087667&suffix=&pages=7
20260088481,2-17-2026,DE,https://recorder.maricopa.gov/recording/document-preview.html?recordingNumber=20260088481&suffix=&pages=7
20260088482,2-17-2026,DE,https://recorder.maricopa.gov/recording/document-preview.html?recordingNumber=20260088482&suffix=&pages=7
20260088851,2-17-2026,DE,https://recorder.maricopa.gov/recording/document-preview.html?recordingNumber=20260088851&suffix=&pages=7
20260088859,2-17-2026,DE,https://recorder.maricopa.gov/recording/document-preview.html?recordingNumber=20260088859&suffix=&pages=7
20260089014,2-17-2026,DE,https://recorder.maricopa.gov/recording/document-preview.html?recordingNumber=20260089014&suffix=&pages=7
20260089015,2-17-2026,DE,https://recorder.maricopa.gov/recording/document-preview.html?recordingNumber=20260089015&suffix=&pages=7
20260089046,2-17-2026,DE,https://recorder.maricopa.gov/recording/document-preview.html?recordingNumber=20260089046&suffix=&pages=7
20260089224,2-17-2026,DE,https://recorder.maricopa.gov/recording/document-preview.html?recordingNumber=20260089224&suffix=&pages=7
20260089274,2-17-2026,DE,https://recorder.maricopa.gov/recording/document-preview.html?recordingNumber=20260089274&suffix=&pages=7
20260089537,2-17-2026,DE,https://recorder.maricopa.gov/recording/document-preview.html?recordingNumber=20260089537&suffix=&pages=7
20260089702,2-17-2026,DE,https://recorder.maricopa.gov/recording/document-preview.html?recordingNumber=20260089702&suffix=&pages=7
20260090702,2-17-2026,DE,https://recorder.maricopa.gov/recording/document-preview.html?recordingNumber=20260090702&suffix=&pages=7
20260090848,2-17-2026,DE,https://recorder.maricopa.gov/recording/document-preview.html?recordingNumber=20260090848&suffix=&pages=7
20260091069,2-17-2026,DE,https://recorder.maricopa.gov/recording/document-preview.html?recordingNumber=20260091069&suffix=&pages=7
20260092593,2-18-2026,DE,https://recorder.maricopa.gov/recording/document-preview.html?recordingNumber=20260092593&suffix=&pages=7
20260093235,2-18-2026,DE,https://recorder.maricopa.gov/recording/document-preview.html?recordingNumber=20260093235&suffix=&pages=7
20260093355,2-18-2026,DE,https://recorder.maricopa.gov/recording/document-preview.html?recordingNumber=20260093355&suffix=&pages=7
20260093733,2-18-2026,DE,https://recorder.maricopa.gov/recording/document-preview.html?recordingNumber=20260093733&suffix=&pages=7
20260094044,2-18-2026,DE,https://recorder.maricopa.gov/recording/document-preview.html?recordingNumber=20260094044&suffix=&pages=7
20260095690,2-19-2026,DE,https://recorder.maricopa.gov/recording/document-preview.html?recordingNumber=20260095690&suffix=&pages=7
20260096227,2-19-2026,DE,https://recorder.maricopa.gov/recording/document-preview.html?recordingNumber=20260096227&suffix=&pages=7
20260096270,2-19-2026,DE,https://recorder.maricopa.gov/recording/document-preview.html?recordingNumber=20260096270&suffix=&pages=7
20260096909,2-19-2026,DE,https://recorder.maricopa.gov/recording/document-preview.html?recordingNumber=20260096909&suffix=&pages=7
20260097079,2-19-2026,DE,https://recorder.maricopa.gov/recording/document-preview.html?recordingNumber=20260097079&suffix=&pages=7
20260097131,2-19-2026,DE,https://recorder.maricopa.gov/recording/document-preview.html?recordingNumber=20260097131&suffix=&pages=7
20260097326,2-19-2026,DE,https://recorder.maricopa.gov/recording/document-preview.html?recordingNumber=20260097326&suffix=&pages=7
20260098908,2-20-2026,DE,https://recorder.maricopa.gov/recording/document-preview.html?recordingNumber=20260098908&suffix=&pages=7
20260099905,2-20-2026,DE,https://recorder.maricopa.gov/recording/document-preview.html?recordingNumber=20260099905&suffix=&pages=7
20260100185,2-20-2026,DE,https://recorder.maricopa.gov/recording/document-preview.html?recordingNumber=20260100185&suffix=&pages=7
20260100960,2-23-2026,DE,https://recorder.maricopa.gov/recording/document-preview.html?recordingNumber=20260100960&suffix=&pages=7
20260101947,2-23-2026,DE,https://recorder.maricopa.gov/recording/document-preview.html?recordingNumber=20260101947&suffix=&pages=7
20260102485,2-23-2026,DE,https://recorder.maricopa.gov/recording/document-preview.html?recordingNumber=20260102485&suffix=&pages=7
20260102488,2-23-2026,DE,https://recorder.maricopa.gov/recording/document-preview.html?recordingNumber=20260102488&suffix=&pages=7
20260102951,2-23-2026,DE,https://recorder.maricopa.gov/recording/document-preview.html?recordingNumber=20260102951&suffix=&pages=7
20260104580,2-24-2026,DE,https://recorder.maricopa.gov/recording/document-preview.html?recordingNumber=20260104580&suffix=&pages=7
20260104747,2-24-2026,DE,https://recorder.maricopa.gov/recording/document-preview.html?recordingNumber=20260104747&suffix=&pages=7
20260104943,2-24-2026,DE,https://recorder.maricopa.gov/recording/document-preview.html?recordingNumber=20260104943&suffix=&pages=7
20260105344,2-24-2026,DE,https://recorder.maricopa.gov/recording/document-preview.html?recordingNumber=20260105344&suffix=&pages=7
20260105625,2-24-2026,DE,https://recorder.maricopa.gov/recording/document-preview.html?recordingNumber=20260105625&suffix=&pages=7
20260105935,2-24-2026,DE,https://recorder.maricopa.gov/recording/document-preview.html?recordingNumber=20260105935&suffix=&pages=7
20260106524,2-24-2026,DE,https://recorder.maricopa.gov/recording/document-preview.html?recordingNumber=20260106524&suffix=&pages=7
20260107131,2-25-2026,DE,https://recorder.maricopa.gov/recording/document-preview.html?recordingNumber=20260107131&suffix=&pages=7
20260107189,2-25-2026,DE,https://recorder.maricopa.gov/recording/document-preview.html?recordingNumber=20260107189&suffix=&pages=7
20260107606,2-25-2026,DE,https://recorder.maricopa.gov/recording/document-preview.html?recordingNumber=20260107606&suffix=&pages=7
20260107909,2-25-2026,DE,https://recorder.maricopa.gov/recording/document-preview.html?recordingNumber=20260107909&suffix=&pages=7
20260108263,2-25-2026,DE,https://recorder.maricopa.gov/recording/document-preview.html?recordingNumber=20260108263&suffix=&pages=7
20260108267,2-25-2026,DE,https://recorder.maricopa.gov/recording/document-preview.html?recordingNumber=20260108267&suffix=&pages=7
20260108513,2-25-2026,DE,https://recorder.maricopa.gov/recording/document-preview.html?recordingNumber=20260108513&suffix=&pages=7
20260108522,2-25-2026,DE,https://recorder.maricopa.gov/recording/document-preview.html?recordingNumber=20260108522&suffix=&pages=7
20260108578,2-25-2026,DE,https://recorder.maricopa.gov/recording/document-preview.html?recordingNumber=20260108578&suffix=&pages=7
20260108760,2-25-2026,DE,https://recorder.maricopa.gov/recording/document-preview.html?recordingNumber=20260108760&suffix=&pages=7
20260109409,2-25-2026,DE,https://recorder.maricopa.gov/recording/document-preview.html?recordingNumber=20260109409&suffix=&pages=7
20260109410,2-25-2026,DE,https://recorder.maricopa.gov/recording/document-preview.html?recordingNumber=20260109410&suffix=&pages=7
20260109411,2-25-2026,DE,https://recorder.maricopa.gov/recording/document-preview.html?recordingNumber=20260109411&suffix=&pages=7
20260110067,2-26-2026,DE,https://recorder.maricopa.gov/recording/document-preview.html?recordingNumber=20260110067&suffix=&pages=7
20260110546,2-26-2026,DE,https://recorder.maricopa.gov/recording/document-preview.html?recordingNumber=20260110546&suffix=&pages=7
20260110665,2-26-2026,DE,https://recorder.maricopa.gov/recording/document-preview.html?recordingNumber=20260110665&suffix=&pages=7
20260110731,2-26-2026,DE,https://recorder.maricopa.gov/recording/document-preview.html?recordingNumber=20260110731&suffix=&pages=7
20260110735,2-26-2026,DE,https://recorder.maricopa.gov/recording/document-preview.html?recordingNumber=20260110735&suffix=&pages=7
20260110843,2-26-2026,DE,https://recorder.maricopa.gov/recording/document-preview.html?recordingNumber=20260110843&suffix=&pages=7
20260111313,2-26-2026,DE,https://recorder.maricopa.gov/recording/document-preview.html?recordingNumber=20260111313&suffix=&pages=7
20260111314,2-26-2026,DE,https://recorder.maricopa.gov/recording/document-preview.html?recordingNumber=20260111314&suffix=&pages=7
20260111992,2-26-2026,DE,https://recorder.maricopa.gov/recording/document-preview.html?recordingNumber=20260111992&suffix=&pages=7
20260112741,2-26-2026,DE,https://recorder.maricopa.gov/recording/document-preview.html?recordingNumber=20260112741&suffix=&pages=7
20260112747,2-26-2026,DE,https://recorder.maricopa.gov/recording/document-preview.html?recordingNumber=20260112747&suffix=&pages=7
20260113461,2-27-2026,DE,https://recorder.maricopa.gov/recording/document-preview.html?recordingNumber=20260113461&suffix=&pages=7
20260115877,2-27-2026,DE,https://recorder.maricopa.gov/recording/document-preview.html?recordingNumber=20260115877&suffix=&pages=7
20260116715,2-27-2026,DE,https://recorder.maricopa.gov/recording/document-preview.html?recordingNumber=20260116715&suffix=&pages=7
20260116763,2-27-2026,DE,https://recorder.maricopa.gov/recording/document-preview.html?recordingNumber=20260116763&suffix=&pages=7
20260116778,2-27-2026,DE,https://recorder.maricopa.gov/recording/document-preview.html?recordingNumber=20260116778&suffix=&pages=7
20260116861,2-27-2026,DE,https://recorder.maricopa.gov/recording/document-preview.html?recordingNumber=20260116861&suffix=&pages=7
20260118880,3-02-2026,DE,https://recorder.maricopa.gov/recording/document-preview.html?recordingNumber=20260118880&suffix=&pages=7
20260119221,3-02-2026,DE,https://recorder.maricopa.gov/recording/document-preview.html?recordingNumber=20260119221&suffix=&pages=7
20260119390,3-02-2026,DE,https://recorder.maricopa.gov/recording/document-preview.html?recordingNumber=20260119390&suffix=&pages=7
20260120054,3-02-2026,DE,https://recorder.maricopa.gov/recording/document-preview.html?recordingNumber=20260120054&suffix=&pages=7
20260121553,3-03-2026,DE,https://recorder.maricopa.gov/recording/document-preview.html?recordingNumber=20260121553&suffix=&pages=7
20260121554,3-03-2026,DE,https://recorder.maricopa.gov/recording/document-preview.html?recordingNumber=20260121554&suffix=&pages=7
20260121555,3-03-2026,DE,https://recorder.maricopa.gov/recording/document-preview.html?recordingNumber=20260121555&suffix=&pages=7
20260121855,3-03-2026,DE,https://recorder.maricopa.gov/recording/document-preview.html?recordingNumber=20260121855&suffix=&pages=7
20260122773,3-03-2026,DE,https://recorder.maricopa.gov/recording/document-preview.html?recordingNumber=20260122773&suffix=&pages=7
20260122888,3-03-2026,DE,https://recorder.maricopa.gov/recording/document-preview.html?recordingNumber=20260122888&suffix=&pages=7
20260123114,3-03-2026,DE,https://recorder.maricopa.gov/recording/document-preview.html?recordingNumber=20260123114&suffix=&pages=7
20260124411,3-04-2026,DE,https://recorder.maricopa.gov/recording/document-preview.html?recordingNumber=20260124411&suffix=&pages=7
20260125033,3-04-2026,DE,https://recorder.maricopa.gov/recording/document-preview.html?recordingNumber=20260125033&suffix=&pages=7
20260125117,3-04-2026,DE,https://recorder.maricopa.gov/recording/document-preview.html?recordingNumber=20260125117&suffix=&pages=7
20260125331,3-04-2026,DE,https://recorder.maricopa.gov/recording/document-preview.html?recordingNumber=20260125331&suffix=&pages=7
20260126129,3-04-2026,DE,https://recorder.maricopa.gov/recording/document-preview.html?recordingNumber=20260126129&suffix=&pages=7
20260127155,3-05-2026,DE,https://recorder.maricopa.gov/recording/document-preview.html?recordingNumber=20260127155&suffix=&pages=7
20260127468,3-05-2026,DE,https://recorder.maricopa.gov/recording/document-preview.html?recordingNumber=20260127468&suffix=&pages=7
20260127820,3-05-2026,DE,https://recorder.maricopa.gov/recording/document-preview.html?recordingNumber=20260127820&suffix=&pages=7
20260128262,3-05-2026,DE,https://recorder.maricopa.gov/recording/document-preview.html?recordingNumber=20260128262&suffix=&pages=7
20260129072,3-05-2026,DE,https://recorder.maricopa.gov/recording/document-preview.html?recordingNumber=20260129072&suffix=&pages=7
20260129147,3-05-2026,DE,https://recorder.maricopa.gov/recording/document-preview.html?recordingNumber=20260129147&suffix=&pages=7
20260129249,3-05-2026,DE,https://recorder.maricopa.gov/recording/document-preview.html?recordingNumber=20260129249&suffix=&pages=7
20260129267,3-05-2026,DE,https://recorder.maricopa.gov/recording/document-preview.html?recordingNumber=20260129267&suffix=&pages=7
20260129700,3-05-2026,DE,https://recorder.maricopa.gov/recording/document-preview.html?recordingNumber=20260129700&suffix=&pages=7
20260130007,3-06-2026,DE,https://recorder.maricopa.gov/recording/document-preview.html?recordingNumber=20260130007&suffix=&pages=7
20260131806,3-06-2026,DE,https://recorder.maricopa.gov/recording/document-preview.html?recordingNumber=20260131806&suffix=&pages=7
20260131874,3-06-2026,DE,https://recorder.maricopa.gov/recording/document-preview.html?recordingNumber=20260131874&suffix=&pages=7
20260132013,3-06-2026,DE,https://recorder.maricopa.gov/recording/document-preview.html?recordingNumber=20260132013&suffix=&pages=7
20260132290,3-06-2026,DE,https://recorder.maricopa.gov/recording/document-preview.html?recordingNumber=20260132290&suffix=&pages=7
20260132967,3-06-2026,DE,https://recorder.maricopa.gov/recording/document-preview.html?recordingNumber=20260132967&suffix=&pages=7
